{"cameraMode":{"drawMode":0,"name":"Shaded","section":"Shading Mode"},"sceneLighting":false,"audioPlay":false,"sceneViewState":{"m_AlwaysRefresh":false,"showFog":true,"showSkybox":false,"showFlares":true,"showImageEffects":true,"showParticleSystems":true,"showVisualEffectGraphs":true,"m_FxEnabled":true},"in2DMode":false,"pivot":{"x":1.0029997825622559,"y":-0.9535188674926758,"z":-1.755751371383667},"rotation":{"x":-0.42467328906059267,"y":-0.12055578082799912,"z":0.05724509060382843,"w":-0.8955457210540772},"size":0.8660253882408142,"orthographic":false}