{"cameraMode":{"drawMode":0,"name":"Shaded","section":"Shading Mode"},"sceneLighting":false,"audioPlay":false,"sceneViewState":{"m_AlwaysRefresh":false,"showFog":true,"showSkybox":false,"showFlares":true,"showImageEffects":true,"showParticleSystems":true,"showVisualEffectGraphs":true,"m_FxEnabled":true},"in2DMode":false,"pivot":{"x":-0.09214398264884949,"y":0.19455784559249879,"z":0.18996310234069825},"rotation":{"x":-0.03213196247816086,"y":0.9673136472702026,"z":-0.19292381405830384,"w":-0.16271303594112397},"size":0.6123724579811096,"orthographic":false}