{"cameraMode":{"drawMode":0,"name":"Shaded","section":"Shading Mode"},"sceneLighting":false,"audioPlay":false,"sceneViewState":{"m_AlwaysRefresh":false,"showFog":true,"showSkybox":false,"showFlares":true,"showImageEffects":true,"showParticleSystems":true,"showVisualEffectGraphs":true,"m_FxEnabled":true},"in2DMode":false,"pivot":{"x":0.17536327242851258,"y":-0.03086550533771515,"z":0.2756286859512329},"rotation":{"x":0.07639055699110031,"y":0.09383499622344971,"z":-0.007330168038606644,"w":0.9927326440811157},"size":0.6123724579811096,"orthographic":false}