{"cameraMode":{"drawMode":0,"name":"Shaded","section":"Shading Mode"},"sceneLighting":true,"audioPlay":false,"sceneViewState":{"m_AlwaysRefresh":false,"showFog":true,"showSkybox":true,"showFlares":true,"showImageEffects":true,"showParticleSystems":true,"showVisualEffectGraphs":true,"m_FxEnabled":true},"in2DMode":false,"pivot":{"x":1.3865853548049927,"y":-16.845605850219728,"z":3.4374992847442629},"rotation":{"x":0.6404662728309631,"y":0.005239449441432953,"z":-0.001806508982554078,"w":0.7684387564659119},"size":13.209939002990723,"orthographic":false}